{"cameraMode":{"drawMode":0,"name":"Shaded","section":"Shading Mode"},"sceneLighting":true,"audioPlay":false,"sceneViewState":{"showFog":true,"showMaterialUpdate":false,"showSkybox":true,"showFlares":true,"showImageEffects":true,"showParticleSystems":true},"in2DMode":false,"pivot":{"x":51.07808303833008,"y":1.9072778224945069,"z":42.49741744995117},"rotation":{"x":-0.06832453608512879,"y":0.6557486653327942,"z":-0.059778839349746707,"w":-0.7495011687278748},"size":28.12836456298828,"orthographic":false}